sex,age,education,education_level,base_income,education_effect,sex_education_bonus,income
Men,37,10.830235004226013,Secondary,300,216.60470008452026,100,642.751234844274
Women,32,11.344531195981688,Secondary,300,226.89062391963375,100,556.7196338416238
Men,41,9.127909566927368,Secondary,300,182.55819133854737,100,521.7362151066436
Men,44,2.7272479340478792,Primary,300,54.544958680957585,100,481.1680554509387
Women,69,9.553261919963623,Secondary,300,191.06523839927246,100,603.7644384182253
Women,37,7.271234496912166,Primary,300,145.42468993824332,100,457.378707227972
Men,42,4.6533198127892605,Primary,300,93.06639625578521,100,535.3177672638449
Women,34,7.52315361009094,Primary,300,150.46307220181882,100,589.5258507564938
Women,18,11.756950980656873,Secondary,300,235.13901961313746,100,639.7430101437744
Men,46,8.695503224359038,Secondary,300,173.91006448718076,100,595.43710393349
Men,40,10.119202878243577,Secondary,300,202.38405756487154,100,612.7392715441138
Men,50,6.314572447357039,Primary,300,126.29144894714076,100,576.4637674881313
Men,35,0,Primary,300,0,100,478.05913682807653
Men,56,9.026070981375407,Secondary,300,180.52141962750812,100,589.183348933013
Women,36,11.880842636984312,Secondary,300,237.61685273968624,100,684.5354452321549
Men,41,9.161135590354222,Secondary,300,183.22271180708444,100,607.4665880554126
Men,50,15.313572272313412,Tertiary,300,306.2714454462682,300,910.3557692250446
Women,32,9.733347600373492,Secondary,300,194.66695200746983,100,564.7118438771192
Women,43,6.3637648300407665,Primary,300,127.27529660081532,100,512.715854666137
Men,36,6.33251843354045,Primary,300,126.650368670809,100,548.1559323148167
Men,35,9.252084788156909,Secondary,300,185.04169576313816,100,492.5772839703499
Men,32,9.497541256088352,Secondary,300,189.95082512176705,100,587.1327083891575
Women,37,10.078070362914683,Secondary,300,201.56140725829368,100,621.1397235028659
Women,25,9.250641270917383,Secondary,300,185.01282541834766,100,594.9861534245448
Men,29,5.066488404519349,Primary,300,101.32976809038698,100,510.7117589492535
Men,32,17.284099605407192,Tertiary,300,345.68199210814385,300,936.967249163357
Men,43,8.997708441865274,Secondary,300,179.95416883730547,100,633.2709881508583
Women,28,3.11416610726837,Primary,300,62.28332214536741,100,347.990746555487
Women,48,8.887411062556595,Secondary,300,177.7482212511319,100,647.9530173908811
Women,31,13.650327470676597,Secondary,300,273.00654941353196,100,720.4983619428433
Women,36,10.719438607202159,Secondary,300,214.38877214404317,100,552.1101624823374
Men,36,13.998698484190925,Secondary,300,279.9739696838185,100,787.9294413139672
Men,52,17.81508162587925,Tertiary,300,356.30163251758506,300,918.2035898503276
Women,49,9.782396776186774,Secondary,300,195.64793552373547,100,609.8831990252359
Men,41,16.776544007613964,Tertiary,300,335.5308801522793,300,907.0009125058045
Women,36,12.536789072167343,Secondary,300,250.73578144334687,100,748.5860837976365
Men,53,7.311624784534608,Primary,300,146.23249569069216,100,624.3187088488014
Women,50,10.225118717657482,Secondary,300,204.50237435314963,100,567.7317049994657
Men,28,6.655559514279806,Primary,300,133.1111902855961,100,536.2118715145156
Men,16,10.176409072881215,Secondary,300,203.5281814576243,100,584.1820103908589
Women,41,16.800133282086684,Tertiary,300,336.00266564173364,100,749.712061588487
Men,44,6.516657956955022,Primary,300,130.33315913910045,100,487.9246211536863
Women,41,8.851314972084293,Secondary,300,177.02629944168586,100,443.8670185687719
Women,54,8.568104531664117,Secondary,300,171.36209063328235,100,604.8846001269668
Men,48,11.13618263143829,Secondary,300,222.7236526287658,100,685.8613164700125
Men,45,9.143679226160206,Secondary,300,182.8735845232041,100,642.843066766084
Men,39,11.263728113595857,Secondary,300,225.27456227191715,100,651.7128293292438
Men,33,11.502408295886609,Secondary,300,230.04816591773218,100,725.1548273523365
Women,39,6.792635999344152,Primary,300,135.85271998688305,100,608.7283577483631
Men,29,10.73107971594034,Secondary,300,214.62159431880679,100,651.9129306929428
Men,45,16.533076044156214,Tertiary,300,330.6615208831243,300,1038.965355741493
Women,34,9.987186794112736,Secondary,300,199.74373588225473,100,607.8019779998182
Men,54,10.890799977934908,Secondary,300,217.81599955869814,100,554.3708560816865
Women,54,12.246148621882108,Secondary,300,244.92297243764216,100,617.5105147554406
Men,29,7.116124022819381,Primary,300,142.3224804563876,100,571.2172764872703
Women,37,3.055561457834534,Primary,300,61.111229156690676,100,511.59193146995085
Women,34,10.83971267374133,Secondary,300,216.7942534748266,100,622.5298785435812
Men,38,5.539082797477879,Primary,300,110.78165594955757,100,452.48379739584175
Men,46,10.15597863916646,Secondary,300,203.1195727833292,100,720.7217192915741
Women,32,5.230361139810656,Primary,300,104.60722279621311,100,622.1490797130934
Women,48,11.428398691812708,Secondary,300,228.56797383625417,100,623.8406365409936
Women,24,12.210386279340383,Secondary,300,244.20772558680767,100,684.1264230291969
Men,22,10.186440683065179,Secondary,300,203.72881366130358,100,560.9338557393887
Women,33,9.902548759449525,Secondary,300,198.0509751889905,100,552.4122499985513
Men,36,1.7745054767811723,Primary,300,35.490109535623446,100,490.0120605918536
Women,33,9.234065973848125,Secondary,300,184.6813194769625,100,633.3835015119536
Men,52,10.724874967328509,Secondary,300,214.49749934657018,100,594.8968173850337
Men,36,1.6727899715631285,Primary,300,33.45579943126257,100,507.5363987892731
Women,47,7.164792580329308,Primary,300,143.29585160658615,100,507.8002722445829
Women,27,11.712584655396256,Secondary,300,234.25169310792512,100,664.7273326898554
Men,37,6.83690632597909,Primary,300,136.73812651958178,100,452.5443205148777
Men,37,8.583249756289526,Secondary,300,171.6649951257905,100,644.3630435739167
Men,34,9.248877028369629,Secondary,300,184.97754056739257,100,530.208964587076
Women,46,5.589240826258068,Primary,300,111.78481652516138,100,547.4527720748889
Men,58,10.521371197678787,Secondary,300,210.42742395357575,100,603.0142495795033
Men,37,6.784056604995622,Primary,300,135.68113209991245,100,580.3151897553815
Men,35,12.08908825831821,Secondary,300,241.7817651663642,100,680.2848644162307
Men,43,3.176690522397582,Primary,300,63.53381044795164,100,453.6824917533644
Men,37,13.071566201882865,Secondary,300,261.4313240376573,100,761.2583460904671
Women,50,6.371101939574626,Primary,300,127.42203879149251,100,489.4255518412503
Men,37,11.844373463949058,Secondary,300,236.88746927898114,100,641.9323755043987
Women,40,9.818803298943187,Secondary,300,196.37606597886375,100,580.1594641322763
Men,34,10.505262884850824,Secondary,300,210.10525769701647,100,602.7546845709692
Men,41,13.1250386846251,Secondary,300,262.500773692502,100,717.173209477424
Men,39,8.411182884107545,Secondary,300,168.2236576821509,100,515.7197724727704
Women,26,14.573375093201623,Tertiary,300,291.46750186403244,100,622.8573533740671
Women,35,13.264950339633357,Secondary,300,265.2990067926671,100,790.8125065380802
Women,44,12.255129486706162,Secondary,300,245.10258973412323,100,589.2712143073771
Men,15,3.6571279216755785,Primary,300,73.14255843351157,100,543.5145154520691
Men,37,11.146491942196741,Secondary,300,222.92983884393482,100,685.4593069338755
Women,33,12.210645624196363,Secondary,300,244.21291248392725,100,600.1903153550803
Women,39,17.08047849993309,Tertiary,300,341.6095699986618,100,742.1347470349508
Women,37,5.312344906915655,Primary,300,106.2468981383131,100,465.6913778549097
Women,44,13.929621672787196,Secondary,300,278.5924334557439,100,592.4407526400149
Women,43,11.157651472057736,Secondary,300,223.15302944115473,100,766.0423431247536
Men,35,19.701013521329465,Tertiary,300,394.02027042658926,300,1043.9465511865503
Men,34,15.201530227311103,Tertiary,300,304.0306045462221,300,924.554695417458
Men,42,8.51988846952693,Secondary,300,170.3977693905386,100,486.2746131314886
Men,29,11.799485694571773,Secondary,300,235.98971389143546,100,663.8820384065247
Men,39,12.177813403635142,Secondary,300,243.55626807270284,100,732.5583439611789
Men,43,11.638968318558291,Secondary,300,232.77936637116582,100,659.2460593787724
Women,40,9.020890803166116,Secondary,300,180.41781606332233,100,630.8976399926428
Women,22,15.829214359784544,Tertiary,300,316.5842871956909,100,842.4596038860932
Women,37,10.018007954791663,Secondary,300,200.36015909583327,100,708.6359279867759
Men,34,7.476315970019672,Primary,300,149.52631940039345,100,684.7594155696997
Men,40,2.4869824590463105,Primary,300,49.73964918092621,100,360.01683381192635
Women,38,12.37531127491718,Secondary,300,247.5062254983436,100,614.7964731999729
Women,39,12.608808499297012,Secondary,300,252.17616998594025,100,601.9484017766074
Men,56,12.42528227177396,Secondary,300,248.5056454354792,100,598.1360806564301
Men,26,6.884492996072262,Primary,300,137.68985992144525,100,466.47605663084596
Women,34,6.978097647355375,Primary,300,139.5619529471075,100,633.3472532169197
Women,58,18.48180690853207,Tertiary,300,369.6361381706414,100,694.4459598970317
Men,47,10.9026015051273,Secondary,300,218.052030102546,100,627.0608668863624
Men,48,10.172066442235268,Secondary,300,203.44132884470537,100,527.1357190747337
Men,52,8.757549140654682,Secondary,300,175.15098281309363,100,610.9496439593402
Women,43,15.510168979990766,Tertiary,300,310.2033795998153,100,576.1016600456442
Men,30,6.915770927619845,Primary,300,138.3154185523969,100,537.7861339324388
Men,20,7.085952494309222,Primary,300,141.71904988618445,100,565.5698182350354
Men,42,8.352738039011264,Secondary,300,167.05476078022528,100,589.4756329843367
Women,29,16.036771203288783,Tertiary,300,320.73542406577565,100,757.8206067904371
Women,47,7.61972082851112,Primary,300,152.3944165702224,100,578.1493641882096
Men,57,6.819422108735621,Primary,300,136.38844217471242,100,549.2063997390349
Men,21,5.127431767319472,Primary,300,102.54863534638943,100,529.3516987065996
Men,58,13.82557242087174,Secondary,300,276.5114484174348,100,795.0674572485306
Women,60,8.487078360330692,Secondary,300,169.74156720661384,100,570.6723313324308
Men,38,19.232196594090034,Tertiary,300,384.64393188180065,300,882.1064048886668
Men,43,10.345210417221326,Secondary,300,206.9042083444265,100,611.6064614700003
Men,45,14.617446836216544,Tertiary,300,292.3489367243309,300,928.274753367753
Men,48,1.128103634029129,Primary,300,22.56207268058258,100,332.45634759205433
Women,50,1.5132982493643947,Primary,300,30.265964987287894,100,225.06148674394728
Women,36,10.406253674236236,Secondary,300,208.12507348472474,100,598.2464740848676
Men,56,10.968187037971944,Secondary,300,219.36374075943888,100,593.1177014761575
Men,39,7.719056828777919,Primary,300,154.3811365755584,100,552.6423624626628
Men,55,9.910207215269091,Secondary,300,198.20414430538182,100,629.79964213344
Men,36,8.759855836030837,Secondary,300,175.19711672061675,100,570.8059088056658
Men,34,18.91006941001848,Tertiary,300,378.2013882003696,300,1009.1787820154643
Men,43,8.774000898802505,Secondary,300,175.4800179760501,100,583.4417538058229
Women,50,12.687647313428135,Secondary,300,253.7529462685627,100,525.1169124175682
Women,33,7.684042529394483,Primary,300,153.68085058788967,100,646.7550188510194
Men,57,8.056422485916867,Secondary,300,161.12844971833735,100,630.1836099089965
Men,45,3.1778283122766906,Primary,300,63.556566245533816,100,484.7916934507188
Women,39,2.819872287348609,Primary,300,56.39744574697218,100,565.6731012142109
Men,33,13.012804322976887,Secondary,300,260.25608645953776,100,645.2230384585694
Women,35,5.078825801984297,Primary,300,101.57651603968594,100,512.1231117954254
Men,60,13.550491553838306,Secondary,300,271.0098310767661,100,740.0454644859673
Men,53,13.990529304685019,Secondary,300,279.8105860937004,100,825.9637352451022
Women,37,11.654794183138291,Secondary,300,233.09588366276583,100,669.5055779651755
Men,47,9.749926142139199,Secondary,300,194.99852284278398,100,574.4436043536969
Men,45,17.31746483378219,Tertiary,300,346.3492966756438,300,943.5631457884848
Men,40,8.641688134344902,Secondary,300,172.83376268689804,100,646.5469361307471
Women,34,5.766738579973541,Primary,300,115.33477159947083,100,403.2834597568278
Women,39,8.885233607804391,Secondary,300,177.70467215608784,100,506.44845771959865
Men,34,5.708849761709717,Primary,300,114.17699523419435,100,492.2791530162392
Women,40,7.255097251982332,Primary,300,145.10194503964664,100,552.7246184634662
Men,43,14.021970284568567,Tertiary,300,280.43940569137135,300,966.3626837602005
Men,38,6.6807863774416045,Primary,300,133.6157275488321,100,517.4806263673182
Men,43,14.243723002804284,Tertiary,300,284.8744600560857,300,870.12070109231
Women,33,11.407943326423363,Secondary,300,228.15886652846726,100,497.74630486191126
Men,49,12.600728106145493,Secondary,300,252.01456212290987,100,663.3761230107225
Women,35,9.516012187683055,Secondary,300,190.3202437536611,100,629.1791542983158
Women,44,11.69566663640883,Secondary,300,233.9133327281766,100,597.8121799909887
Men,44,10.126339050166433,Secondary,300,202.52678100332867,100,590.6425935314661
Men,47,10.556226780107277,Secondary,300,211.12453560214556,100,657.1094281582957
Men,41,8.512147534242509,Secondary,300,170.24295068485017,100,470.3167886526786
Women,61,10.466605765115492,Secondary,300,209.33211530230983,100,591.1187398668964
Women,52,8.685159793395961,Secondary,300,173.70319586791922,100,628.6319168771242
Men,33,20,Tertiary,300,400,300,1097.4680559475755
Men,17,14.711289055366208,Tertiary,300,294.22578110732417,300,893.706069541141
Women,44,12.444306676533563,Secondary,300,248.88613353067126,100,707.1459785413525
Women,26,16.056055473505268,Tertiary,300,321.12110947010535,100,779.18546627065
Men,40,7.630734961914207,Primary,300,152.61469923828415,100,612.4167407012276
Men,37,13.328643229223662,Secondary,300,266.5728645844732,100,696.6521779082291
Men,24,16.863504185960423,Tertiary,300,337.27008371920846,300,929.2027575694854
Men,33,10.304735967221845,Secondary,300,206.0947193444369,100,666.7110254986553
Men,53,13.318010187317755,Secondary,300,266.3602037463551,100,561.7773015905515
Women,27,13.595966606345106,Secondary,300,271.91933212690213,100,653.88914945307
Women,40,14.33060685606874,Tertiary,300,286.6121371213748,100,648.5848038471229
Women,22,14.76105662822561,Tertiary,300,295.22113256451223,100,620.5382014413985
Men,26,11.05393583023586,Secondary,300,221.0787166047172,100,523.6340489785956
Men,27,8.513001638316034,Secondary,300,170.26003276632068,100,578.984409288948
Men,48,10.17048025396208,Secondary,300,203.4096050792416,100,615.8127525775061
Women,32,11.539260395498145,Secondary,300,230.7852079099629,100,669.199606934021
Women,44,12.209098093772111,Secondary,300,244.18196187544223,100,639.840201941216
Women,65,5.620805152234182,Primary,300,112.41610304468365,100,506.5161555461552
Women,49,15.427930684106949,Tertiary,300,308.55861368213897,100,741.5451601234296
Men,39,16.030246619090942,Tertiary,300,320.60493238181886,300,848.8957829700461
Men,34,10.055656271491983,Secondary,300,201.11312542983967,100,510.9071098686047
Men,37,9.204413471711034,Secondary,300,184.08826943422068,100,508.00879067414184
Men,39,2.2359706154507597,Primary,300,44.7194123090152,100,518.5100420622305
Men,25,9.315968356163214,Secondary,300,186.31936712326427,100,614.559929808773
Men,46,12.659896776682636,Secondary,300,253.19793553365272,100,546.1434937255481
Women,33,10.639057560372665,Secondary,300,212.7811512074533,100,589.1447224787139
Women,42,15.816702727617102,Tertiary,300,316.334054552342,100,649.3312234935985
Men,61,11.60733340246157,Secondary,300,232.1466680492314,100,571.9324407117973
Men,22,12.23985633138124,Secondary,300,244.7971266276248,100,676.8305683595336
Women,37,10.008874713935116,Secondary,300,200.1774942787023,100,577.5898540285132
Women,27,2.9768465061371785,Primary,300,59.53693012274357,100,420.1759034529948
Men,44,16.49322082773557,Tertiary,300,329.8644165547114,300,1042.547849630719
Men,49,11.834109745893205,Secondary,300,236.68219491786408,100,631.3859227002425
Women,44,0,Primary,300,0,100,467.38972912174586
Women,34,10.056623660181243,Secondary,300,201.13247320362487,100,544.0653362630678
Men,35,16.15878300782446,Tertiary,300,323.17566015648924,300,848.1749515420145
Women,37,7.463608769311378,Primary,300,149.27217538622756,100,479.1176384903822
Men,48,12.165415851851922,Secondary,300,243.30831703703842,100,660.731554181377
Men,25,13.416851996310452,Secondary,300,268.33703992620906,100,640.7869333936145
Men,53,7.295649409134578,Primary,300,145.91298818269155,100,420.7412425245081
Women,46,12.009629931707043,Secondary,300,240.19259863414084,100,646.461917404531
Men,51,10.038232263948938,Secondary,300,200.76464527897878,100,607.7604828479436
Women,33,7.212867810092376,Primary,300,144.25735620184753,100,506.35174048838945
Men,53,13.913018600499381,Secondary,300,278.26037200998763,100,879.0974679464445
Women,45,11.734327795975112,Secondary,300,234.68655591950224,100,604.9810783570433
Men,57,13.929718643888481,Secondary,300,278.5943728777696,100,611.5436102884237
Women,38,12.892872323831217,Secondary,300,257.8574464766243,100,633.1076187129629
Women,32,9.767980673478016,Secondary,300,195.35961346956032,100,600.3690937129265
Men,55,7.608096796803856,Primary,300,152.16193593607713,100,519.0575143691065
Men,42,7.534671123730114,Primary,300,150.69342247460227,100,589.8314616463385
Men,29,11.809048736291183,Secondary,300,236.18097472582366,100,695.6136484016658
Women,39,12.15343106828301,Secondary,300,243.06862136566022,100,578.547217718875
Men,40,9.0745801129345,Secondary,300,181.49160225869,100,609.8811302862715
Men,43,12.34144893928135,Secondary,300,246.828978785627,100,629.7432016200239
Women,44,15.851122812024666,Tertiary,300,317.02245624049334,100,794.2790574158446
Women,54,14.38435729412432,Tertiary,300,287.6871458824864,100,716.4346611777905
Women,45,11.852896673376083,Secondary,300,237.05793346752165,100,559.0165228216197
Women,22,9.526570054261494,Secondary,300,190.5314010852299,100,683.5806991844028
Women,41,7.554171687362252,Primary,300,151.08343374724504,100,560.8039906596578
Women,49,12.406891559728013,Secondary,300,248.13783119456025,100,728.887960807959
Men,21,3.995360773401945,Primary,300,79.9072154680389,100,417.8400938381884
Men,40,12.4376778111409,Secondary,300,248.753556222818,100,620.6520369758598
Women,44,13.016136527004038,Secondary,300,260.3227305400808,100,783.4303272947351
Men,55,20,Tertiary,300,400,300,996.7019513282804
Women,57,11.932943344535751,Secondary,300,238.65886689071502,100,736.1644148014698
Women,34,7.826582157055407,Primary,300,156.53164314110813,100,515.1887425132494
Women,36,20,Tertiary,300,400,100,818.0640059531097
Men,55,10.680115785292585,Secondary,300,213.6023157058517,100,607.4754062526623
Men,34,12.349123661209573,Secondary,300,246.98247322419147,100,676.1151388775947
Men,31,6.076140878858441,Primary,300,121.52281757716881,100,483.75352213309185
Men,40,7.562360495623453,Primary,300,151.24720991246906,100,435.72161151408295
Men,42,17.884858810304692,Tertiary,300,357.69717620609384,300,1006.7745378196122
Women,50,6.492650329967151,Primary,300,129.85300659934302,100,636.5659310922946
Men,35,11.317938664319437,Secondary,300,226.35877328638873,100,712.1169881936682
Women,33,6.824871637736808,Primary,300,136.49743275473617,100,537.9505453010412
Women,26,13.822742345304409,Secondary,300,276.45484690608816,100,725.5514710510346
Men,35,12.31768356703662,Secondary,300,246.35367134073238,100,505.2786565690259
Men,50,20,Tertiary,300,400,300,1002.6705246534791
Men,28,14.824640417262037,Tertiary,300,296.49280834524075,300,919.7320185528902
Men,22,15.058744979685592,Tertiary,300,301.17489959371187,300,880.7184513985925
Men,57,9.555745959568517,Secondary,300,191.11491919137035,100,656.3722630352067
Women,52,6.051017631830291,Primary,300,121.02035263660582,100,497.6226955605109
Men,26,8.943298262121361,Secondary,300,178.86596524242722,100,623.8501563654236
Women,43,8.90292556983551,Secondary,300,178.0585113967102,100,672.1932486410784
Men,39,10.9897444717404,Secondary,300,219.794889434808,100,655.9440239944562
Men,43,11.695089099245235,Secondary,300,233.90178198490472,100,671.764184935658
Women,39,8.542739627350347,Secondary,300,170.85479254700692,100,553.2941950882418
Men,29,6.620577435535342,Primary,300,132.41154871070682,100,460.57262573561087
Women,35,4.845830269569088,Primary,300,96.91660539138176,100,462.31474332924273
Women,43,7.255199067440808,Primary,300,145.10398134881615,100,509.4792413122676
Men,44,10.445144994704222,Secondary,300,208.90289989408444,100,540.5220596570707
Women,31,6.476008299343188,Primary,300,129.52016598686376,100,656.7055727938921
Men,47,11.56182935336962,Secondary,300,231.23658706739238,100,589.8463316054882
Men,43,10.94632402864137,Secondary,300,218.92648057282742,100,582.7289337445684
Women,45,5.29116204215759,Primary,300,105.82324084315181,100,525.2686539264101
Men,37,1.9255489583133212,Primary,300,38.510979166266424,100,368.5856713240753
Women,33,10.742537897007171,Secondary,300,214.8507579401434,100,731.851496314307
Men,34,3.5189955673235938,Primary,300,70.37991134647187,100,522.2614071880087
Women,24,6.927429488015445,Primary,300,138.54858976030891,100,492.89924934676105
Women,25,9.029814015380493,Secondary,300,180.59628030760987,100,491.05917649413067
Men,42,8.269048387597604,Secondary,300,165.38096775195208,100,661.2128771348185
Women,39,11.113224115623556,Secondary,300,222.2644823124711,100,563.0498490455243
Men,32,14.50388110340313,Tertiary,300,290.07762206806257,300,953.1172530250609
Women,44,10.923685233126779,Secondary,300,218.47370466253557,100,552.6140184241328
Women,36,5.01045754742944,Primary,300,100.2091509485888,100,544.7726307171711
Women,43,2.6247570188398113,Primary,300,52.49514037679623,100,448.36260638171603
Women,33,13.449540243967991,Secondary,300,268.9908048793598,100,628.9896395168921
Men,29,0.3255319335121918,Primary,300,6.510638670243836,100,407.32132780278397
Women,42,10.851368827753092,Secondary,300,217.02737655506184,100,599.8961535679043
Women,31,12.25977488826782,Secondary,300,245.1954977653564,100,658.3802579280997
Women,48,9.255469639181742,Secondary,300,185.10939278363483,100,609.5715901462125
Women,30,7.555859488989533,Primary,300,151.11718977979066,100,518.5073428701876
Men,38,14.13360479120039,Tertiary,300,282.6720958240078,300,903.6042865701417
Men,32,15.580347390679677,Tertiary,300,311.60694781359354,300,900.6433212621347
Men,23,2.5046288971290194,Primary,300,50.09257794258039,100,368.9712085362933
Men,50,7.702940849830086,Primary,300,154.05881699660173,100,479.687694201844
Men,22,14.931241221368303,Tertiary,300,298.6248244273661,300,839.8567845801132
Men,62,9.937175946719295,Secondary,300,198.7435189343859,100,577.1105173677845
Women,51,11.03922477748019,Secondary,300,220.78449554960378,100,496.9579590864414
Women,41,12.098998977544934,Secondary,300,241.9799795508987,100,573.5608717918897
Men,28,10.50936223124648,Secondary,300,210.18724462492958,100,687.5529192914477
Men,59,5.842255252310003,Primary,300,116.84510504620006,100,543.5508937071763
Men,35,10.37905371506178,Secondary,300,207.5810743012356,100,521.1085760398142
Men,30,11.648926955169433,Secondary,300,232.97853910338864,100,611.1667029232241
Women,26,12.575840393591596,Secondary,300,251.51680787183193,100,681.345553143839
Women,55,14.110591307899544,Tertiary,300,282.21182615799086,100,578.6043325382612
Men,40,15.03137727867097,Tertiary,300,300.6275455734194,300,854.2692482863838
Men,32,3.974930440348067,Primary,300,79.49860880696134,100,503.8610602364265
Women,44,2.8586879317599836,Primary,300,57.173758635199675,100,468.25024428690614
Men,46,6.688955658939998,Primary,300,133.77911317879995,100,612.7199998225956
Women,36,9.769054500446986,Secondary,300,195.3810900089397,100,700.993410941329
Men,57,17.189875130643298,Tertiary,300,343.79750261286597,300,1046.8386567708187
Women,37,17.04163821394566,Tertiary,300,340.8327642789132,100,749.8011958179939
Women,54,10.86651210516779,Secondary,300,217.33024210335577,100,633.3650926442125
Women,24,10.347452387667566,Secondary,300,206.94904775335132,100,632.7607419758007
Women,38,15.207046808206638,Tertiary,300,304.14093616413277,100,761.0684790954768
Women,43,8.993139840019968,Secondary,300,179.86279680039934,100,585.8948434682666
Men,55,11.563127358140516,Secondary,300,231.26254716281034,100,531.1005658870508
Men,36,7.034524105768551,Primary,300,140.69048211537103,100,551.3187126172904
Women,36,15.941041403125734,Tertiary,300,318.8208280625147,100,674.1765658389826
Men,29,9.530545203754093,Secondary,300,190.61090407508186,100,600.4786346990892
Men,17,9.47601342896194,Secondary,300,189.5202685792388,100,537.6239623083598
Men,35,7.9308171499711,Primary,300,158.616342999422,100,579.381706900975
Women,41,3.979836887394221,Primary,300,79.59673774788442,100,482.4792809522331
Women,40,6.010951771481812,Primary,300,120.21903542963625,100,531.7317276702388
Men,41,3.4096803415779258,Primary,300,68.19360683155851,100,619.6586758214922
Men,33,19.82053284643729,Tertiary,300,396.41065692874577,300,905.1150389382619
Men,25,5.504319180776855,Primary,300,110.08638361553709,100,546.9502916849781
Men,28,13.434385334021485,Secondary,300,268.6877066804297,100,728.5584080447379
Women,53,8.324380409577499,Secondary,300,166.48760819154998,100,499.68360280380676
Men,53,12.15232299269183,Secondary,300,243.0464598538366,100,603.7832732921606
Men,17,10.775658550933763,Secondary,300,215.51317101867525,100,602.7916430980996
Women,42,5.696005205784382,Primary,300,113.92010411568764,100,679.425162952124
Men,60,9.65000092556397,Secondary,300,193.00001851127942,100,614.54464232936175
Men,32,6.229729739650946,Primary,300,124.59459479301891,100,478.85253460009386
Men,26,12.912375679970793,Secondary,300,258.24751359941587,100,767.2319854121675
Women,32,14.450340447241192,Tertiary,300,289.00680894482383,100,650.4897027165393
Women,41,11.340221179737952,Secondary,300,226.80442359475904,100,578.6583360332545
Men,40,17.003783825097376,Tertiary,300,340.0756765019475,300,899.7241303118346
Men,49,11.531291248652627,Secondary,300,230.62582497305254,100,584.243418050623
Men,52,12.479322185365934,Secondary,300,249.58644370731867,100,612.4648108153829
Men,49,11.837870781091855,Secondary,300,236.75741562183708,100,628.6679288128823
Women,41,10.677282578477309,Secondary,300,213.54565156954618,100,669.900282168216
Women,28,11.40522027319161,Secondary,300,228.1044054638322,100,612.3092929357354
Women,36,8.174183012138714,Secondary,300,163.48366024277428,100,584.8500154868451
Women,48,4.786568911032054,Primary,300,95.73137822064109,100,516.9314602801487
Men,51,5.782688631539512,Primary,300,115.65377263079023,100,458.6852645481653
Women,34,14.519425197744042,Tertiary,300,290.38850395488083,100,819.1731925868261
Women,44,12.00281380062706,Secondary,300,240.0562760125412,100,672.0646938435725
Women,40,8.259364698086989,Secondary,300,165.18729396173978,100,508.5675511830125
Men,35,8.006701863036062,Secondary,300,160.13403726072124,100,570.9585905402366
Men,32,8.426590167621011,Secondary,300,168.53180335242024,100,629.6884120640453
Men,37,11.042806038650287,Secondary,300,220.85612077300573,100,658.9741357680332
Men,43,8.536805337728698,Secondary,300,170.73610675457394,100,671.6188819884175
Men,31,14.03446188007442,Tertiary,300,280.6892376014884,300,883.1657831381774
Women,41,13.6738553654052,Secondary,300,273.477107308104,100,669.7842489342261
Women,34,10.706758879100313,Secondary,300,214.13517758200626,100,614.1896127969231
Women,39,4.412354410998172,Primary,300,88.24708821996344,100,454.80696509402185
Men,31,12.954630408777351,Secondary,300,259.092608175547,100,660.4221405689531
Women,59,10.439375459982598,Secondary,300,208.78750919965196,100,574.6094682750391
Men,51,15.42570243924764,Tertiary,300,308.5140487849528,300,961.8317887036542
Women,33,3.6040041919241226,Primary,300,72.08008383848245,100,439.4453740706085
Men,29,7.355407837052798,Primary,300,147.10815674105595,100,572.3736735156447
Women,49,7.681205070653763,Primary,300,153.62410141307527,100,479.48439636496573
Men,58,11.749931449054383,Secondary,300,234.99862898108768,100,688.4108746995946
Women,56,12.093296474681797,Secondary,300,241.86592949363592,100,598.3368984311427
Men,49,8.477952289702882,Secondary,300,169.55904579405765,100,669.4530135686861
Men,57,6.591253602073527,Primary,300,131.82507204147055,100,498.0648421828953
Women,49,10.620295604485174,Secondary,300,212.40591208970346,100,637.4382826369043
Men,28,4.610555150382731,Primary,300,92.21110300765461,100,517.158395786313
Men,29,8.383602818477684,Secondary,300,167.67205636955367,100,599.1689260484293
Women,45,9.80582249555641,Secondary,300,196.1164499111282,100,574.2615492756023
Women,56,3.645750022131641,Primary,300,72.91500044263282,100,494.49280234239586
Men,39,13.619595460898228,Secondary,300,272.39190921796455,100,604.7667514209712
Men,44,11.710415432972884,Secondary,300,234.20830865945766,100,687.5977986970582
Men,43,16.293261002619282,Tertiary,300,325.86522005238567,300,1022.9327031941723
Women,34,9.485523366642685,Secondary,300,189.71046733285368,100,600.1902076732946
Men,35,8.507849275859389,Secondary,300,170.15698551718776,100,681.4388546172029
Women,36,15.609857405039271,Tertiary,300,312.1971481007854,100,654.1510125481936
Men,33,7.47099298052495,Primary,300,149.419859610499,100,469.81466765987807
Men,54,16.017495142252454,Tertiary,300,320.3499028450491,300,951.1055592097867
Men,43,13.014364648396864,Secondary,300,260.2872929679373,100,713.156889275959
Women,25,10.799955515704726,Secondary,300,215.9991103140945,100,516.3822277915602
Men,65,9.242026857482477,Secondary,300,184.84053714964955,100,676.2226783043645
Women,47,4.1721415964339315,Primary,300,83.44283192867863,100,465.6207966026636
Women,52,15.516682391266784,Tertiary,300,310.3336478253357,100,671.1824511236981
Men,31,9.207666360136034,Secondary,300,184.15332720272067,100,679.7384653512213
Men,36,8.093119123790457,Secondary,300,161.86238247580914,100,563.3715073084447
Women,30,7.392888299290526,Primary,300,147.85776598581052,100,573.666567891725
Women,51,2.0516233795016916,Primary,300,41.03246759003383,100,416.0597227420438
Men,34,11.869429344198206,Secondary,300,237.38858688396414,100,481.55911081510726
Men,33,5.731537285880917,Primary,300,114.63074571761834,100,554.4139185543002
Men,49,9.56052812697535,Secondary,300,191.210562539507,100,624.5868474811775
Men,33,11.846741220264656,Secondary,300,236.9348244052931,100,591.5665333178717
Men,55,12.128657398104405,Secondary,300,242.57314796208811,100,611.9532789190403
Men,40,9.368939347843655,Secondary,300,187.3787869568731,100,546.1706589273139
Men,42,15.417623842003408,Tertiary,300,308.35247684006816,300,1013.5435832369624
Women,34,14.197143359537577,Tertiary,300,283.94286719075154,100,695.5321156847889
Women,30,17.45180778549534,Tertiary,300,349.0361557099068,100,744.1506704605903
Women,27,14.13189226376541,Tertiary,300,282.6378452753082,100,568.9420077953185
Men,54,9.339271584282047,Secondary,300,186.78543168564093,100,598.883235115585
Women,42,6.759386918022985,Primary,300,135.1877383604597,100,587.4981569788283
Men,34,11.15931890771068,Secondary,300,223.18637815421363,100,600.4103484605209
Men,32,12.873743980188367,Secondary,300,257.47487960376736,100,663.859995534481
Women,38,12.725094797465966,Secondary,300,254.5018959493193,100,641.5721474420321
Men,42,9.971996718988624,Secondary,300,199.43993437977247,100,637.9311202845804
Women,51,7.060511456353736,Primary,300,141.2102291270747,100,557.9537628579667
Men,42,7.024728661656984,Primary,300,140.49457323313968,100,600.0308807959556
Men,51,14.77326919827691,Tertiary,300,295.4653839655382,300,914.2092321198629
Men,50,9.393529361607094,Secondary,300,187.87058723214187,100,631.7158716271608
Men,46,18.454625322287235,Tertiary,300,369.0925064457447,300,910.8146606907687
Women,37,7.333433495514791,Primary,300,146.66866991029582,100,492.30010864953607
Women,35,13.287143686510824,Secondary,300,265.7428737302165,100,641.1526616926383
Women,47,10.027768730921645,Secondary,300,200.5553746184329,100,675.8754511621402
Women,61,8.01256390442954,Secondary,300,160.2512780885908,100,675.9671103353699
Men,53,12.9668498503611,Secondary,300,259.336997007222,100,707.5129863848838
Women,36,6.07602613118157,Primary,300,121.52052262363141,100,540.6902512311271
Women,19,2.1274596733378575,Primary,300,42.549193466757146,100,466.82026827057337
Women,32,7.588385538398313,Primary,300,151.76771076796626,100,595.7282416484078
Men,41,11.175877498771943,Secondary,300,223.51754997543884,100,579.5718932985669
Men,12,2.4322693199362764,Primary,300,48.64538639872553,100,364.721992685545
Men,32,11.483428165556727,Secondary,300,229.66856331113456,100,689.3227523610759
Men,44,13.716294012703509,Secondary,300,274.32588025407017,100,712.9727924393163
Women,28,14.052136342636363,Tertiary,300,281.04272685272724,100,688.5798240710903
Women,23,9.973624598349993,Secondary,300,199.47249196699985,100,604.3057980786002
Women,58,17.01583557970521,Tertiary,300,340.3167115941042,100,695.6392332036006
Men,46,10.054902969238428,Secondary,300,201.09805938476856,100,560.6186421365813
Women,46,12.820091825555611,Secondary,300,256.4018365111122,100,647.0224814145796
Women,29,9.436407426993272,Secondary,300,188.72814853986543,100,528.3913557376269
Men,43,11.298837543103641,Secondary,300,225.97675086207283,100,669.0802949973827
Women,28,12.622036407372896,Secondary,300,252.44072814745792,100,683.4077644607227
Women,53,12.869133864029283,Secondary,300,257.38267728058565,100,639.1127920055951
Women,52,13.810144624928151,Secondary,300,276.202892498563,100,687.3740421426811
Men,18,13.295772677335188,Secondary,300,265.91545354670376,100,568.2418923585287
Men,43,18.040817383161464,Tertiary,300,360.8163476632293,300,1023.1780352122287
Men,53,12.577731256779975,Secondary,300,251.5546251355995,100,767.7239619885164
Men,57,8.964288799831694,Secondary,300,179.28577599663387,100,490.7105192429187
Men,37,7.976425504231959,Primary,300,159.52851008463918,100,606.4981249957383
Women,23,15.682372519021317,Tertiary,300,313.64745038042633,100,707.9785498174857
Men,40,7.551580090542039,Primary,300,151.03160181084078,100,576.350620588132
Women,56,7.015892315983772,Primary,300,140.31784631967543,100,546.2791489233435
Men,32,14.351222714684884,Tertiary,300,287.02445429369766,300,849.728147910415
Women,43,13.616224937481514,Secondary,300,272.32449874963027,100,689.0088848371341
Men,25,15.057194475649869,Tertiary,300,301.14388951299736,300,844.8204482475694
Women,42,12.43058055791226,Secondary,300,248.61161115824518,100,598.8343137690904
Women,39,4.800307217113035,Primary,300,96.00614434226071,100,502.6537591310834
Men,49,0,Primary,300,0,100,346.6036202125879
Women,39,7.811896324132025,Primary,300,156.2379264826405,100,485.2623682482156
Men,20,10.41580088227637,Secondary,300,208.3160176455274,100,582.7414185733871
Women,38,14.863837610977916,Tertiary,300,297.2767522195583,100,666.9372865232027
Men,33,13.357902218182325,Secondary,300,267.15804436364647,100,682.3966182399467
Men,36,9.945077947806336,Secondary,300,198.90155895612673,100,640.1385680422416
Men,32,8.712703363930427,Secondary,300,174.25406727860855,100,617.0145601473787
Men,56,13.674192693409779,Secondary,300,273.4838538681956,100,731.5362453572011
Men,46,1.598518060238355,Primary,300,31.9703612047671,100,326.01160408513647
Men,23,9.620172135817434,Secondary,300,192.40344271634868,100,647.8227410078154
Women,37,18.064977136231953,Tertiary,300,361.2995427246391,100,821.9597100625214
Men,51,6.852992621082956,Primary,300,137.05985242165912,100,474.6961367999908
Men,34,5.08801563638711,Primary,300,101.76031272774219,100,471.7490379244129
Men,49,10.821181946836417,Secondary,300,216.42363893672834,100,630.4789305215629
Men,35,10.67714487448441,Secondary,300,213.54289748968822,100,597.8861649695294
Men,34,9.859747217938938,Secondary,300,197.19494435877877,100,578.3793784592256
Men,36,8.110895395607244,Secondary,300,162.21790791214488,100,538.6132041259813
Women,40,7.638406296135711,Primary,300,152.76812592271423,100,539.0506697396377
Men,47,13.1363491049431,Secondary,300,262.726982098862,100,568.4641711486728
Men,43,11.75365742330495,Secondary,300,235.073148466099,100,651.4569805497235
Men,39,15.586051395666347,Tertiary,300,311.72102791332696,300,891.015524871917
Men,48,4.730510976018109,Primary,300,94.61021952036218,100,448.368239971136
Women,44,7.05086373235666,Primary,300,141.0172746471332,100,534.7313120392645
Men,40,11.129711544045543,Secondary,300,222.59423088091086,100,699.872491686645
Men,16,4.878444783017605,Primary,300,97.56889566035211,100,485.0917551824203
Men,37,9.199938689299024,Secondary,300,183.9987737859805,100,567.5172226912297
Men,34,9.419569666464152,Secondary,300,188.39139332928306,100,634.8714804059858
Women,37,12.688114711585259,Secondary,300,253.76229423170517,100,677.8837432398846
Men,37,12.380336653194039,Secondary,300,247.60673306388077,100,541.7793750572522
Women,45,6.879697883774506,Primary,300,137.59395767549012,100,545.451879400672
Men,46,15.16952089472122,Tertiary,300,303.3904178944244,300,969.7819445897921
Women,57,8.959612303798949,Secondary,300,179.19224607597897,100,606.6724162995557
Women,35,13.680957002081126,Secondary,300,273.61914004162253,100,618.9954702156972
Women,54,0.3524172297517847,Primary,300,7.048344595035694,100,438.29789002443584
Men,38,13.579323842220978,Secondary,300,271.58647684441956,100,588.900148401795
Men,36,17.06525520569125,Tertiary,300,341.305104113825,300,856.4025367612619
Men,34,15.755822606902786,Tertiary,300,315.1164521380557,300,933.6821334268562
Men,28,7.223267155326274,Primary,300,144.4653431065255,100,434.16322094148234
Women,29,10.990787772675702,Secondary,300,219.81575545351404,100,606.4898993689461
Women,28,4.175227833144962,Primary,300,83.50455666289925,100,409.5749388714443
Men,50,11.26118481652122,Secondary,300,225.22369633042442,100,694.044088550673
Men,44,16.018535862394828,Tertiary,300,320.37071724789655,300,977.4546818545616
Women,39,15.441751871323888,Tertiary,300,308.83503742647775,100,714.6865685899155
Men,38,8.095590874357342,Secondary,300,161.91181748714683,100,583.2333699355023
Men,36,6.599247793166741,Primary,300,131.98495586333482,100,559.8700086052129
Women,35,8.506432987883278,Secondary,300,170.12865975766556,100,530.0364801753158
Men,38,16.304956281672318,Tertiary,300,326.09912563344636,300,829.8013382330114
Men,50,10.266893525158528,Secondary,300,205.33787050317056,100,724.5473456442675
Women,34,6.42792924627873,Primary,300,128.5585849255746,100,524.2534836083836
Men,35,4.058153898027222,Primary,300,81.16307796054444,100,374.0786817441585
Women,39,10.880174271827823,Secondary,300,217.60348543655647,100,655.7554938787042
Women,48,10.498018448304967,Secondary,300,209.96036896609934,100,704.2462971446811
Men,34,14.898091640710874,Tertiary,300,297.9618328142175,300,859.6017978324354
Women,34,10.816258559896568,Secondary,300,216.32517119793135,100,568.6543839522744
Men,43,10.966723236395143,Secondary,300,219.33446472790285,100,635.320235130022
Women,31,16.412673714191087,Tertiary,300,328.25347428382173,100,722.8434060487156
Men,37,6.580685968866874,Primary,300,131.61371937733747,100,428.1835864855398
Women,36,5.248361589105829,Primary,300,104.96723178211658,100,528.9574451913621
Women,54,17.296350796950282,Tertiary,300,345.9270159390056,100,763.0350070718436
Women,34,9.58689911904794,Secondary,300,191.7379823809588,100,629.9227240602363
Men,50,11.959255895693744,Secondary,300,239.18511791387488,100,590.4154616866639
Men,29,11.647406654557953,Secondary,300,232.94813309115906,100,652.7766971752887
Men,37,9.321782029876989,Secondary,300,186.43564059753976,100,498.8534333931021
Men,27,9.165794661763483,Secondary,300,183.31589323526967,100,653.3556907789524
Men,46,11.365815597904088,Secondary,300,227.31631195808177,100,727.3382210954203
Men,33,8.63708541967245,Secondary,300,172.74170839344902,100,583.7114794709183
Men,42,8.44521338230454,Secondary,300,168.90426764609083,100,567.1308133533189
Women,39,2.4041918814641683,Primary,300,48.083837629283366,100,405.6935816915196
Men,32,10.277312638421465,Secondary,300,205.5462527684293,100,633.8601920604675
Women,42,12.485994093846719,Secondary,300,249.71988187693438,100,649.886761337761
Men,40,15.872263450333012,Tertiary,300,317.4452690066602,300,887.840826281157
Men,53,9.934829819826977,Secondary,300,198.69659639653952,100,565.9846964457726
Women,33,4.422671274005118,Primary,300,88.45342548010237,100,549.6143966800373
Women,44,0,Primary,300,0,100,394.13659823471875
Men,54,7.464209735592441,Primary,300,149.2841947118488,100,560.6087699051889
Women,29,10.573489251644656,Secondary,300,211.46978503289313,100,615.3907202119742
Women,60,5.009613661795168,Primary,300,100.19227323590336,100,446.1375435283291
Men,44,7.217168564207201,Primary,300,144.343371284144,100,524.2382350583425
Women,49,8.935100358456253,Secondary,300,178.70200716912507,100,582.2824190849198
Women,64,6.334874554513651,Primary,300,126.69749109027302,100,479.63898628223023
Women,36,8.695209826627627,Secondary,300,173.90419653255253,100,531.1687441200926
Men,31,10.04404259554345,Secondary,300,200.880851910869,100,626.8594786339708
Women,47,8.826399884721734,Secondary,300,176.5279976944347,100,590.1248860252556
Women,27,8.137638748863253,Secondary,300,162.75277497726506,100,570.2935161279361
Women,35,12.802647582499985,Secondary,300,256.05295164999967,100,517.1107694322029
Women,35,8.959155660143056,Secondary,300,179.1831132028611,100,566.414197718745
Women,59,15.876718485565547,Tertiary,300,317.53436971131094,100,671.0143581807669
Men,51,8.753223423293893,Secondary,300,175.06446846587784,100,586.7006191769918
Women,55,9.103111199565564,Secondary,300,182.06222399131127,100,477.3148553420599
Women,68,5.547709848346256,Primary,300,110.95419696692511,100,420.499716045223
Men,53,8.59480062891005,Secondary,300,171.896012578201,100,567.3018299742208
Women,40,16.490617360600066,Tertiary,300,329.8123472120013,100,722.0628235079508
Women,33,10.745554906971826,Secondary,300,214.91109813943652,100,697.5187440990076
Men,44,16.028278371715082,Tertiary,300,320.56556743430167,300,907.5419453300915
Men,48,6.219149278531463,Primary,300,124.38298557062924,100,561.6093494303725
Women,42,12.720394663972986,Secondary,300,254.4078932794597,100,719.4482780547731
Men,53,4.877289449258679,Primary,300,97.54578898517359,100,507.74002056588057
Men,40,7.4328957327040754,Primary,300,148.6579146540815,100,474.553989214495
Men,33,6.112776763284658,Primary,300,122.25553526569315,100,619.9114395204928
Women,35,8.807892835212433,Secondary,300,176.15785670424867,100,617.2669913415459
Women,24,11.009089777245608,Secondary,300,220.18179554491215,100,554.7321086661092
Men,43,9.489866393609864,Secondary,300,189.7973278721973,100,643.2950310404325
Women,42,14.33781817788379,Tertiary,300,286.7563635576758,100,725.8891075089771
Men,45,11.659284391365654,Secondary,300,233.18568782731307,100,617.6168154417018
Women,49,3.2391243048111775,Primary,300,64.78248609622355,100,521.0185778292059
Men,39,6.612791922520728,Primary,300,132.25583845041456,100,448.40559897638417
Women,43,8.731594755873019,Secondary,300,174.63189511746037,100,585.6141296022901
Men,52,17.048665808703824,Tertiary,300,340.97331617407644,300,995.6621241187866
Men,44,7.113320227329156,Primary,300,142.26640454658312,100,608.3251189457474
Women,34,14.256905479456314,Tertiary,300,285.1381095891263,100,636.189147189364
Women,60,6.800959847681433,Primary,300,136.01919695362866,100,523.0613092956207
Women,30,9.08678198893266,Secondary,300,181.7356397786532,100,484.9920664700823
Women,42,9.067117940636555,Secondary,300,181.3423588127311,100,678.3244694113982
Women,33,11.307604573848366,Secondary,300,226.1520914769673,100,590.2296636200772
Women,33,7.960953404648166,Primary,300,159.2190680929633,100,595.375541176169
Women,39,12.885744347435441,Secondary,300,257.7148869487088,100,560.2200857863106
Men,35,9.143355305161665,Secondary,300,182.86710610323328,100,496.1255464398352
Women,39,6.69388468476898,Primary,300,133.8776936953796,100,539.7749565264303
Women,61,4.310402785120636,Primary,300,86.20805570241272,100,393.84342285403443
Women,34,8.462273696494913,Secondary,300,169.24547392989825,100,573.3167724780353
Women,24,10.882703906672669,Secondary,300,217.65407813345337,100,564.9474276355172
Women,52,11.348893699869146,Secondary,300,226.97787399738291,100,640.4639059921473
Women,52,12.467452784796558,Secondary,300,249.34905569593116,100,682.7740695407695
Men,59,12.82181183272414,Secondary,300,256.4362366544828,100,667.8270598142817
Men,37,13.518371327413998,Secondary,300,270.36742654828,100,576.8914415712902
Men,46,8.303321696604844,Secondary,300,166.06643393209686,100,494.2888232941538
Women,41,5.637325601572759,Primary,300,112.74651203145518,100,348.41158798324625
Women,47,4.401684801083972,Primary,300,88.03369602167945,100,511.86728312996865
Men,54,4.247957286354001,Primary,300,84.95914572708003,100,553.9855301441333
Women,31,13.81459694209873,Secondary,300,276.29193884197457,100,641.2716861503249
Women,47,4.147802617323611,Primary,300,82.95605234647223,100,516.6327195285699
Men,38,12.095888835292879,Secondary,300,241.9177767058576,100,743.7590679907814
Women,21,10.680978764156638,Secondary,300,213.61957528313275,100,610.2287953498189
Women,53,9.297847991617592,Secondary,300,185.95695983235186,100,556.8219552398515
Men,43,5.343430310452849,Primary,300,106.86860620905698,100,579.7152420534978
Men,58,17.151121766128927,Tertiary,300,343.02243532257853,300,974.5261408285014
Men,37,7.155321638351799,Primary,300,143.10643276703598,100,444.32223551826695
Men,57,5.520658493587302,Primary,300,110.41316987174604,100,410.21675186126174
Women,35,12.394122124003049,Secondary,300,247.88244248006097,100,609.1958146881193
Women,45,15.633811869575851,Tertiary,300,312.676237391517,100,653.5851728070379
Men,44,20,Tertiary,300,400,300,1017.6609155921209
Men,44,11.880330443823718,Secondary,300,237.60660887647435,100,658.1675076868929
Women,46,11.086485475525837,Secondary,300,221.72970951051673,100,610.6239005036834
Women,47,8.944508115945208,Secondary,300,178.89016231890417,100,519.5507419847359
Women,47,13.21627340211962,Secondary,300,264.3254680423924,100,798.8419932959391
Men,24,4.034642671983418,Primary,300,80.69285343966837,100,592.7462268579349
Men,42,9.993700452626387,Secondary,300,199.87400905252773,100,683.1926609621544
Women,36,17.169954427934655,Tertiary,300,343.3990885586931,100,810.0926702831861
Men,44,11.136007428584014,Secondary,300,222.72014857168028,100,616.084394432679
Men,35,11.061927299878182,Secondary,300,221.23854599756362,100,653.0894612331776
Men,60,5.741957213547636,Primary,300,114.83914427095272,100,696.5326668018768
Women,65,12.22498107223827,Secondary,300,244.4996214447654,100,767.2073193825934
Men,47,8.855926607302376,Secondary,300,177.11853214604753,100,565.8767680572255
Men,37,6.017290350957968,Primary,300,120.34580701915935,100,622.9994502612284
Women,35,11.012005495389188,Secondary,300,220.24010990778376,100,623.6324941975762
Women,28,9.531511324882104,Secondary,300,190.63022649764207,100,528.6825458739996
Men,50,11.073426953485775,Secondary,300,221.46853906971552,100,689.0472306005064
Men,39,8.974455144538629,Secondary,300,179.48910289077259,100,545.1780451196963
Men,37,11.316478372588083,Secondary,300,226.32956745176165,100,600.7601168323403
Women,51,11.953743519518946,Secondary,300,239.07487039037892,100,665.0149425520653
Men,61,10.396458580065984,Secondary,300,207.92917160131967,100,640.4419198889169
Men,38,6.880256063639777,Primary,300,137.60512127279554,100,422.20338004508477
Women,32,13.24070515600827,Secondary,300,264.8141031201654,100,670.942203875647
Women,34,16.55909821760943,Tertiary,300,331.18196435218863,100,746.9210692335903
Women,62,10.011687145006764,Secondary,300,200.23374290013527,100,674.5634362996344
Women,44,14.316253233587204,Tertiary,300,286.3250646717441,100,678.4995720151578
Men,44,3.1611177082845305,Primary,300,63.22235416569061,100,484.8203941162912
Men,34,7.967390934045152,Primary,300,159.34781868090306,100,471.8745629477644
